{
  "epoch": [
    0,
    1,
    2,
    3,
    4,
    5,
    6,
    7,
    8,
    9,
    10,
    11,
    12,
    13,
    14,
    15,
    16,
    17,
    18,
    19,
    20,
    21,
    22,
    23,
    24,
    25,
    26,
    27,
    28,
    29,
    30
  ],
  "train_loss": [
    1.9212476990584817,
    1.7038892256362097,
    1.710540088585445,
    1.6239848179476601,
    1.6201863178185054,
    1.6171182428087507,
    1.615805607182639,
    1.6117750593594142,
    1.6244694931166512,
    1.6136472054890223,
    1.613268620627267,
    1.6129774170262472,
    1.612745337826865,
    1.6586846781628473,
    1.612193445648466,
    1.61215055840356,
    1.6120997181960515,
    1.6120426782539912,
    1.625522815329688,
    1.6612567484378815,
    1.6674081380878176,
    1.611912272657667,
    1.6116219001156944,
    1.6116541419710433,
    1.6116717440741404,
    1.6423414094107491,
    1.612115809747151,
    1.6155785747936793,
    1.6116078453404563,
    1.6117590078285762,
    1.611614693914141
  ],
  "train_acc": [
    0.20714285714285716,
    0.19285714285714287,
    0.2,
    0.22857142857142856,
    0.24285714285714285,
    0.24285714285714285,
    0.24285714285714285,
    0.24285714285714285,
    0.24285714285714285,
    0.24285714285714285,
    0.24285714285714285,
    0.24285714285714285,
    0.24285714285714285,
    0.24285714285714285,
    0.24285714285714285,
    0.24285714285714285,
    0.24285714285714285,
    0.24285714285714285,
    0.22857142857142856,
    0.22857142857142856,
    0.24285714285714285,
    0.24285714285714285,
    0.24285714285714285,
    0.24285714285714285,
    0.24285714285714285,
    0.24285714285714285,
    0.24285714285714285,
    0.2357142857142857,
    0.24285714285714285,
    0.24285714285714285,
    0.24285714285714285
  ],
  "val_loss": [
    1.6771030366420745,
    1.6493566691875459,
    1.6553036212921142,
    1.658852869272232,
    1.6604533195495605,
    1.660857194662094,
    1.6606859028339387,
    1.7920080184936524,
    1.656677347421646,
    1.658079832792282,
    1.658562821149826,
    1.6586550176143646,
    1.6585943520069122,
    1.6655872941017151,
    1.6617903769016267,
    1.6598598301410674,
    1.6589113175868988,
    1.6584263026714325,
    1.6599002182483673,
    1.6602143049240112,
    1.6632333815097808,
    1.6604054987430572,
    1.6590745747089386,
    1.6583991706371308,
    1.6580501556396485,
    1.6581236243247985,
    1.6577975034713746,
    1.6583896577358246,
    1.657981926202774,
    1.6577779531478882,
    1.657666152715683
  ],
  "val_acc": [
    0.25,
    0.1,
    0.05,
    0.05,
    0.05,
    0.05,
    0.05,
    0.05,
    0.05,
    0.05,
    0.05,
    0.05,
    0.05,
    0.05,
    0.05,
    0.05,
    0.05,
    0.05,
    0.05,
    0.05,
    0.05,
    0.05,
    0.05,
    0.05,
    0.05,
    0.05,
    0.05,
    0.05,
    0.05,
    0.05,
    0.05
  ],
  "val_auc": [
    0.5267857142857143,
    0.5263157894736843,
    0.5,
    0.5,
    0.5,
    0.5,
    0.5,
    0.5,
    0.5,
    0.5,
    0.5,
    0.5,
    0.5,
    0.5,
    0.5,
    0.5,
    0.5,
    0.5,
    0.5,
    0.5,
    0.5,
    0.5,
    0.5,
    0.5,
    0.5,
    0.5,
    0.5,
    0.5,
    0.5,
    0.5,
    0.5
  ],
  "val_ap": [
    null,
    null,
    null,
    null,
    null,
    null,
    null,
    null,
    null,
    null,
    null,
    null,
    null,
    null,
    null,
    null,
    null,
    null,
    null,
    null,
    null,
    null,
    null,
    null,
    null,
    null,
    null,
    null,
    null,
    null,
    null
  ],
  "suspect_auc": [
    0.4907407407407408,
    0.6314814814814815,
    0.5425925925925926,
    0.5518518518518518,
    0.44999999999999996,
    0.4574074074074074,
    0.4648148148148148,
    0.4925925925925926,
    0.462962962962963,
    0.4685185185185185,
    0.48333333333333334,
    0.5148148148148148,
    0.5240740740740741,
    0.6166666666666667,
    0.6203703703703705,
    0.6055555555555556,
    0.55,
    0.5074074074074075,
    0.4703703703703704,
    0.3740740740740741,
    0.5055555555555555,
    0.3833333333333334,
    0.3962962962962963,
    0.3907407407407408,
    0.39259259259259266,
    0.5259259259259259,
    0.5740740740740741,
    0.5537037037037037,
    0.5314814814814816,
    0.512962962962963,
    0.4833333333333333
  ],
  "suspect_ap": [
    0.43313266616361773,
    0.5366251774558805,
    0.4667350624013052,
    0.4902097893387779,
    0.40871998169328644,
    0.41961284832687956,
    0.42714306488189085,
    0.45959037647703865,
    0.48303558421899645,
    0.4610323791542917,
    0.48160741125999024,
    0.4911895808455989,
    0.4760334861360602,
    0.5696565769916173,
    0.5723092692195568,
    0.5522042376248575,
    0.5054730325516749,
    0.4552425389434346,
    0.4501101986180266,
    0.3704292974363163,
    0.5150928592453118,
    0.4112549090791873,
    0.411585529309167,
    0.3869180660899382,
    0.38893450773089205,
    0.4388031772036157,
    0.45359383432655537,
    0.4930801760983649,
    0.46493070315440993,
    0.44887474673845257,
    0.4247901333267187
  ]
}